n_epi,total_reward,v_epi_mean,cn_epi,sn_epi
10,7.71477099049271,5.1431806603284675,0.0,0.0
20,1.5187911808133094,1.0125274538755418,0.0,0.0
